run_id,dataset,dataset_id,tier,task,seed,train_n,calibration_n,outer_test_n,metric_name,metric_direction,calibration_metric,outer_test_metric,fitness_before_calibration,fitness_after_calibration,predicted_metric_before,predicted_metric_after,residual_calibration,outer_residual_before,outer_residual_after,outer_abs_err_before,outer_abs_err_after,delta_outer_abs_err,calibration_status,defect_policy,policy_masked,validation_status,WAHP,Wcalibrated,audit_receipt_hash
1,UCI Red Wine Quality,B1_wine_quality,Tier B (Calibration Benchmark),supervised_regression,42,959,320,320,RMSE,lower_is_better,0.61,0.5748,70.0,70.0,0.53,0.53,0.08,0.0448,0.0448,0.0448,0.0448,0.0,Calibration Rejected,YELLOW,True,Successfully Evaluated,"{'outlier_anomaly': 0.2898, 'completeness': 0.1672, 'validity': 0.1486, 'consistency': 0.1301, 'distribution_balance': 0.0929, 'coverage_representativeness': 0.0743, 'uniqueness': 0.0599, 'timeliness': 0.0372}","{'outlier_anomaly': 0.2898, 'completeness': 0.1672, 'validity': 0.1486, 'consistency': 0.1301, 'distribution_balance': 0.0929, 'coverage_representativeness': 0.0743, 'uniqueness': 0.0599, 'timeliness': 0.0372}",0a6c5ff4e3f2d85f43afdc9510eccf791f11cd6d9cdc9271ecf2868d6c8f8a1b
1,UCI Red Wine Quality,B1_wine_quality,Tier B (Calibration Benchmark),supervised_regression,43,959,320,320,RMSE,lower_is_better,0.601,0.6026,70.0,70.0,0.53,0.53,0.071,0.0726,0.0726,0.0726,0.0726,0.0,Calibration Rejected,YELLOW,True,Successfully Evaluated,"{'outlier_anomaly': 0.2898, 'completeness': 0.1672, 'validity': 0.1486, 'consistency': 0.1301, 'distribution_balance': 0.0929, 'coverage_representativeness': 0.0743, 'uniqueness': 0.0599, 'timeliness': 0.0372}","{'outlier_anomaly': 0.2898, 'completeness': 0.1672, 'validity': 0.1486, 'consistency': 0.1301, 'distribution_balance': 0.0929, 'coverage_representativeness': 0.0743, 'uniqueness': 0.0599, 'timeliness': 0.0372}",5394e8f9129f33ed0ad20a63e23fcb84afd3d867d2a73a7429f041b11ac360a1
1,UCI Red Wine Quality,B1_wine_quality,Tier B (Calibration Benchmark),supervised_regression,44,959,320,320,RMSE,lower_is_better,0.6225,0.6105,70.0,70.0,0.52,0.52,0.1025,0.0905,0.0905,0.0905,0.0905,0.0,Calibration Rejected,YELLOW,True,Successfully Evaluated,"{'outlier_anomaly': 0.2898, 'completeness': 0.1672, 'validity': 0.1486, 'consistency': 0.1301, 'distribution_balance': 0.0929, 'coverage_representativeness': 0.0743, 'uniqueness': 0.0599, 'timeliness': 0.0372}","{'outlier_anomaly': 0.2898, 'completeness': 0.1672, 'validity': 0.1486, 'consistency': 0.1301, 'distribution_balance': 0.0929, 'coverage_representativeness': 0.0743, 'uniqueness': 0.0599, 'timeliness': 0.0372}",f52e2ce5fd5be37160d6cd8eab19fab29f096ce8a15b6ea1dc3f6e6a42d2f76b
1,UCI Red Wine Quality,B1_wine_quality,Tier B (Calibration Benchmark),supervised_regression,45,959,320,320,RMSE,lower_is_better,0.5814,0.6141,70.0,70.0,0.52,0.52,0.0614,0.0941,0.0941,0.0941,0.0941,0.0,Calibration Rejected,YELLOW,True,Successfully Evaluated,"{'outlier_anomaly': 0.2898, 'completeness': 0.1672, 'validity': 0.1486, 'consistency': 0.1301, 'distribution_balance': 0.0929, 'coverage_representativeness': 0.0743, 'uniqueness': 0.0599, 'timeliness': 0.0372}","{'outlier_anomaly': 0.2898, 'completeness': 0.1672, 'validity': 0.1486, 'consistency': 0.1301, 'distribution_balance': 0.0929, 'coverage_representativeness': 0.0743, 'uniqueness': 0.0599, 'timeliness': 0.0372}",579d3e80723ed51499b939cd589278fccc576eb26e340ec75305bf7f174c159c
1,UCI Red Wine Quality,B1_wine_quality,Tier B (Calibration Benchmark),supervised_regression,46,959,320,320,RMSE,lower_is_better,0.5618,0.5962,70.0,70.0,0.53,0.53,0.0318,0.0662,0.0662,0.0662,0.0662,0.0,Calibration Rejected,YELLOW,True,Successfully Evaluated,"{'outlier_anomaly': 0.2898, 'completeness': 0.1672, 'validity': 0.1486, 'consistency': 0.1301, 'distribution_balance': 0.0929, 'coverage_representativeness': 0.0743, 'uniqueness': 0.0599, 'timeliness': 0.0372}","{'outlier_anomaly': 0.2898, 'completeness': 0.1672, 'validity': 0.1486, 'consistency': 0.1301, 'distribution_balance': 0.0929, 'coverage_representativeness': 0.0743, 'uniqueness': 0.0599, 'timeliness': 0.0372}",692292e3682f79a7769ab5770322e845f84d1f1c732c639eb6e12509c957c9b7
1,UCI Air Quality Sensors,B2_air_quality,Tier B (Calibration Benchmark),time_series_forecasting,42,900,300,300,RMSE,lower_is_better,50.9061,54.1429,70.0,70.0,40.03,40.03,10.8761,14.1129,14.1129,14.1129,14.1129,0.0,Calibration Rejected,YELLOW,True,Successfully Evaluated,"{'timeliness': 0.2879, 'completeness': 0.1727, 'outlier_anomaly': 0.1747, 'consistency': 0.1152, 'validity': 0.096, 'distribution_balance': 0.0576, 'coverage_representativeness': 0.0576, 'uniqueness': 0.0384}","{'timeliness': 0.2879, 'completeness': 0.1727, 'outlier_anomaly': 0.1747, 'consistency': 0.1152, 'validity': 0.096, 'distribution_balance': 0.0576, 'coverage_representativeness': 0.0576, 'uniqueness': 0.0384}",2b1c69c6bf3fd8089f32d1ab2edaa5562792332de8f62d4966dfd0dc0c6d2e29
1,UCI Air Quality Sensors,B2_air_quality,Tier B (Calibration Benchmark),time_series_forecasting,43,900,300,300,RMSE,lower_is_better,50.9061,54.1429,70.0,70.0,40.03,40.03,10.8761,14.1129,14.1129,14.1129,14.1129,0.0,Calibration Rejected,YELLOW,True,Successfully Evaluated,"{'timeliness': 0.2879, 'completeness': 0.1727, 'outlier_anomaly': 0.1747, 'consistency': 0.1152, 'validity': 0.096, 'distribution_balance': 0.0576, 'coverage_representativeness': 0.0576, 'uniqueness': 0.0384}","{'timeliness': 0.2879, 'completeness': 0.1727, 'outlier_anomaly': 0.1747, 'consistency': 0.1152, 'validity': 0.096, 'distribution_balance': 0.0576, 'coverage_representativeness': 0.0576, 'uniqueness': 0.0384}",41e839ba2a4ff26c9bf84dc959d50759fadbe4fd5972b5324541cc9d5eba0c63
1,UCI Air Quality Sensors,B2_air_quality,Tier B (Calibration Benchmark),time_series_forecasting,44,900,300,300,RMSE,lower_is_better,50.9061,54.1429,70.0,70.0,40.03,40.03,10.8761,14.1129,14.1129,14.1129,14.1129,0.0,Calibration Rejected,YELLOW,True,Successfully Evaluated,"{'timeliness': 0.2879, 'completeness': 0.1727, 'outlier_anomaly': 0.1747, 'consistency': 0.1152, 'validity': 0.096, 'distribution_balance': 0.0576, 'coverage_representativeness': 0.0576, 'uniqueness': 0.0384}","{'timeliness': 0.2879, 'completeness': 0.1727, 'outlier_anomaly': 0.1747, 'consistency': 0.1152, 'validity': 0.096, 'distribution_balance': 0.0576, 'coverage_representativeness': 0.0576, 'uniqueness': 0.0384}",f966ecbb70eb5dfce6afc91152f0ff4d55cbc272eeae1f926dea7879cb1e67fa
1,UCI Air Quality Sensors,B2_air_quality,Tier B (Calibration Benchmark),time_series_forecasting,45,900,300,300,RMSE,lower_is_better,50.9061,54.1429,70.0,70.0,40.03,40.03,10.8761,14.1129,14.1129,14.1129,14.1129,0.0,Calibration Rejected,YELLOW,True,Successfully Evaluated,"{'timeliness': 0.2879, 'completeness': 0.1727, 'outlier_anomaly': 0.1747, 'consistency': 0.1152, 'validity': 0.096, 'distribution_balance': 0.0576, 'coverage_representativeness': 0.0576, 'uniqueness': 0.0384}","{'timeliness': 0.2879, 'completeness': 0.1727, 'outlier_anomaly': 0.1747, 'consistency': 0.1152, 'validity': 0.096, 'distribution_balance': 0.0576, 'coverage_representativeness': 0.0576, 'uniqueness': 0.0384}",a02e8e4e3bc87d97ec21c3857ff191baf4ef92e65c3064fd1d630c6f770fe109
1,UCI Air Quality Sensors,B2_air_quality,Tier B (Calibration Benchmark),time_series_forecasting,46,900,300,300,RMSE,lower_is_better,50.9061,54.1429,70.0,70.0,40.03,40.03,10.8761,14.1129,14.1129,14.1129,14.1129,0.0,Calibration Rejected,YELLOW,True,Successfully Evaluated,"{'timeliness': 0.2879, 'completeness': 0.1727, 'outlier_anomaly': 0.1747, 'consistency': 0.1152, 'validity': 0.096, 'distribution_balance': 0.0576, 'coverage_representativeness': 0.0576, 'uniqueness': 0.0384}","{'timeliness': 0.2879, 'completeness': 0.1727, 'outlier_anomaly': 0.1747, 'consistency': 0.1152, 'validity': 0.096, 'distribution_balance': 0.0576, 'coverage_representativeness': 0.0576, 'uniqueness': 0.0384}",c4f0044b3f9c156e6bafea36c81a9c3894f32212f514e193bc40cfab2487ef08
1,Melbourne Daily Temperatures,B3_melb_temperatures,Tier B (Diagnostic Benchmark),time_series_forecasting,42,2190,730,730,RMSE,lower_is_better,2.5385,2.3761,96.68,90.4,1.04,1.43,1.4985,1.3361,0.9461,1.3361,0.9461,-0.39,Calibration Improved,GREEN,False,Successfully Evaluated,"{'timeliness': 0.3, 'completeness': 0.18, 'outlier_anomaly': 0.14, 'consistency': 0.12, 'validity': 0.1, 'distribution_balance': 0.06, 'coverage_representativeness': 0.06, 'uniqueness': 0.04}","{'timeliness': 0.0123, 'completeness': 0.0123, 'outlier_anomaly': 0.3695, 'consistency': 0.1243, 'validity': 0.0123, 'distribution_balance': 0.0874, 'coverage_representativeness': 0.3695, 'uniqueness': 0.0123}",6a89cefd41867760487edaf1e627bfe3c48f13abf6486f883d98578d9fe8cff7
1,Melbourne Daily Temperatures,B3_melb_temperatures,Tier B (Diagnostic Benchmark),time_series_forecasting,43,2190,730,730,RMSE,lower_is_better,2.5385,2.3761,96.68,90.4,1.04,1.43,1.4985,1.3361,0.9461,1.3361,0.9461,-0.39,Calibration Improved,GREEN,False,Successfully Evaluated,"{'timeliness': 0.3, 'completeness': 0.18, 'outlier_anomaly': 0.14, 'consistency': 0.12, 'validity': 0.1, 'distribution_balance': 0.06, 'coverage_representativeness': 0.06, 'uniqueness': 0.04}","{'timeliness': 0.0123, 'completeness': 0.0123, 'outlier_anomaly': 0.3695, 'consistency': 0.1243, 'validity': 0.0123, 'distribution_balance': 0.0874, 'coverage_representativeness': 0.3695, 'uniqueness': 0.0123}",e1fe30fb38c2dcf93d4d0830795b4598e9d356190bd388e06831db4f25fa8fd0
1,Melbourne Daily Temperatures,B3_melb_temperatures,Tier B (Diagnostic Benchmark),time_series_forecasting,44,2190,730,730,RMSE,lower_is_better,2.5385,2.3761,96.68,90.4,1.04,1.43,1.4985,1.3361,0.9461,1.3361,0.9461,-0.39,Calibration Improved,GREEN,False,Successfully Evaluated,"{'timeliness': 0.3, 'completeness': 0.18, 'outlier_anomaly': 0.14, 'consistency': 0.12, 'validity': 0.1, 'distribution_balance': 0.06, 'coverage_representativeness': 0.06, 'uniqueness': 0.04}","{'timeliness': 0.0123, 'completeness': 0.0123, 'outlier_anomaly': 0.3695, 'consistency': 0.1243, 'validity': 0.0123, 'distribution_balance': 0.0874, 'coverage_representativeness': 0.3695, 'uniqueness': 0.0123}",55926446d2e6fef97211b5f253be7048eb42f2bfecb3d50cede5c2bdfef9cfb8
1,Melbourne Daily Temperatures,B3_melb_temperatures,Tier B (Diagnostic Benchmark),time_series_forecasting,45,2190,730,730,RMSE,lower_is_better,2.5385,2.3761,96.68,90.4,1.04,1.43,1.4985,1.3361,0.9461,1.3361,0.9461,-0.39,Calibration Improved,GREEN,False,Successfully Evaluated,"{'timeliness': 0.3, 'completeness': 0.18, 'outlier_anomaly': 0.14, 'consistency': 0.12, 'validity': 0.1, 'distribution_balance': 0.06, 'coverage_representativeness': 0.06, 'uniqueness': 0.04}","{'timeliness': 0.0123, 'completeness': 0.0123, 'outlier_anomaly': 0.3695, 'consistency': 0.1243, 'validity': 0.0123, 'distribution_balance': 0.0874, 'coverage_representativeness': 0.3695, 'uniqueness': 0.0123}",5c7e396428842476fb0d4b1f73e3dd215ed1cbe13fb6bda18ac5750a1095687e
1,Melbourne Daily Temperatures,B3_melb_temperatures,Tier B (Diagnostic Benchmark),time_series_forecasting,46,2190,730,730,RMSE,lower_is_better,2.5385,2.3761,96.68,90.4,1.04,1.43,1.4985,1.3361,0.9461,1.3361,0.9461,-0.39,Calibration Improved,GREEN,False,Successfully Evaluated,"{'timeliness': 0.3, 'completeness': 0.18, 'outlier_anomaly': 0.14, 'consistency': 0.12, 'validity': 0.1, 'distribution_balance': 0.06, 'coverage_representativeness': 0.06, 'uniqueness': 0.04}","{'timeliness': 0.0123, 'completeness': 0.0123, 'outlier_anomaly': 0.3695, 'consistency': 0.1243, 'validity': 0.0123, 'distribution_balance': 0.0874, 'coverage_representativeness': 0.3695, 'uniqueness': 0.0123}",c82684e559edef3892dea6d593f3914270373ec34ac691480542bde8236b94c1
1,Iris Species Morphometrics,B4_iris_species,Tier B (Diagnostic Benchmark),supervised_classification,42,90,30,30,Macro F1,higher_is_better,0.9389,0.971,70.0,70.0,0.62,0.62,0.3189,0.351,0.351,0.351,0.351,0.0,Calibration Improved,YELLOW,True,Successfully Evaluated,"{'distribution_balance': 0.22, 'validity': 0.18, 'completeness': 0.14, 'outlier_anomaly': 0.12, 'consistency': 0.12, 'coverage_representativeness': 0.1, 'uniqueness': 0.08, 'timeliness': 0.04}","{'distribution_balance': 0.2203, 'validity': 0.1979, 'completeness': 0.1754, 'outlier_anomaly': 0.0112, 'consistency': 0.0968, 'coverage_representativeness': 0.1529, 'uniqueness': 0.1342, 'timeliness': 0.0112}",e1469dc4974f2ba94c1cf8abdb8f21bcd45b8f3d3905d929adc0fa7a079fa0b6
1,Iris Species Morphometrics,B4_iris_species,Tier B (Diagnostic Benchmark),supervised_classification,43,90,30,30,Macro F1,higher_is_better,1.0,0.9691,70.0,70.0,0.62,0.62,0.38,0.3491,0.3491,0.3491,0.3491,0.0,Calibration Improved,YELLOW,True,Successfully Evaluated,"{'distribution_balance': 0.22, 'validity': 0.18, 'completeness': 0.14, 'outlier_anomaly': 0.12, 'consistency': 0.12, 'coverage_representativeness': 0.1, 'uniqueness': 0.08, 'timeliness': 0.04}","{'distribution_balance': 0.2203, 'validity': 0.1979, 'completeness': 0.1754, 'outlier_anomaly': 0.0112, 'consistency': 0.0968, 'coverage_representativeness': 0.1529, 'uniqueness': 0.1342, 'timeliness': 0.0112}",468a150cf7f0693f4e7420e3b9e225a1845b688e473795d85ad95cf59bedfe7a
1,Iris Species Morphometrics,B4_iris_species,Tier B (Diagnostic Benchmark),supervised_classification,44,90,30,30,Macro F1,higher_is_better,0.8796,0.9466,70.0,70.0,0.62,0.62,0.2596,0.3266,0.3266,0.3266,0.3266,0.0,Calibration Improved,YELLOW,True,Successfully Evaluated,"{'distribution_balance': 0.22, 'validity': 0.18, 'completeness': 0.14, 'outlier_anomaly': 0.12, 'consistency': 0.12, 'coverage_representativeness': 0.1, 'uniqueness': 0.08, 'timeliness': 0.04}","{'distribution_balance': 0.2243, 'validity': 0.185, 'completeness': 0.1458, 'outlier_anomaly': 0.1122, 'consistency': 0.1203, 'coverage_representativeness': 0.1066, 'uniqueness': 0.0863, 'timeliness': 0.0196}",c3286260ffdfedb4012eed09ed560b6bdb2ea6ca90cf9a92f6f19f0a7121b412
1,Iris Species Morphometrics,B4_iris_species,Tier B (Diagnostic Benchmark),supervised_classification,45,90,30,30,Macro F1,higher_is_better,0.9392,0.9666,70.0,70.0,0.62,0.62,0.3192,0.3466,0.3466,0.3466,0.3466,0.0,Calibration Improved,YELLOW,True,Successfully Evaluated,"{'distribution_balance': 0.22, 'validity': 0.18, 'completeness': 0.14, 'outlier_anomaly': 0.12, 'consistency': 0.12, 'coverage_representativeness': 0.1, 'uniqueness': 0.08, 'timeliness': 0.04}","{'distribution_balance': 0.2203, 'validity': 0.1979, 'completeness': 0.1754, 'outlier_anomaly': 0.0112, 'consistency': 0.0968, 'coverage_representativeness': 0.1529, 'uniqueness': 0.1342, 'timeliness': 0.0112}",6ff60f768305fb6f4c1453ac5d8551cde7213ead9ca9a5776e3617e85abf6787
1,Iris Species Morphometrics,B4_iris_species,Tier B (Diagnostic Benchmark),supervised_classification,46,90,30,30,Macro F1,higher_is_better,1.0,1.0,70.0,70.0,0.62,0.62,0.38,0.38,0.38,0.38,0.38,0.0,Calibration Improved,YELLOW,True,Successfully Evaluated,"{'distribution_balance': 0.22, 'validity': 0.18, 'completeness': 0.14, 'outlier_anomaly': 0.12, 'consistency': 0.12, 'coverage_representativeness': 0.1, 'uniqueness': 0.08, 'timeliness': 0.04}","{'distribution_balance': 0.2203, 'validity': 0.1979, 'completeness': 0.1754, 'outlier_anomaly': 0.0112, 'consistency': 0.0968, 'coverage_representativeness': 0.1529, 'uniqueness': 0.1342, 'timeliness': 0.0112}",178a0b045f91ad14bc0fb1bcab30a021253a4100add6a2553be20cb584c583bf
1,California Housing,C1_cal_housing,Tier C (Held-Out Generalization),supervised_regression,42,900,300,300,RMSE,lower_is_better,0.4749,0.3941,70.0,70.0,0.56,0.56,-0.0851,-0.1659,-0.1659,0.1659,0.1659,0.0,Calibration Rejected,YELLOW,True,Successfully Evaluated,"{'outlier_anomaly': 0.291, 'completeness': 0.1679, 'validity': 0.1493, 'consistency': 0.1306, 'distribution_balance': 0.0933, 'coverage_representativeness': 0.0746, 'uniqueness': 0.056, 'timeliness': 0.0373}","{'outlier_anomaly': 0.291, 'completeness': 0.1679, 'validity': 0.1493, 'consistency': 0.1306, 'distribution_balance': 0.0933, 'coverage_representativeness': 0.0746, 'uniqueness': 0.056, 'timeliness': 0.0373}",99a30417673f936318cdd17bf48e9d7a59335054f4044ec3c07d38820b657238
1,California Housing,C1_cal_housing,Tier C (Held-Out Generalization),supervised_regression,43,900,300,300,RMSE,lower_is_better,0.4042,0.4365,70.0,70.0,0.55,0.55,-0.1458,-0.1135,-0.1135,0.1135,0.1135,0.0,Calibration Rejected,YELLOW,True,Successfully Evaluated,"{'outlier_anomaly': 0.291, 'completeness': 0.1679, 'validity': 0.1493, 'consistency': 0.1306, 'distribution_balance': 0.0933, 'coverage_representativeness': 0.0746, 'uniqueness': 0.056, 'timeliness': 0.0373}","{'outlier_anomaly': 0.291, 'completeness': 0.1679, 'validity': 0.1493, 'consistency': 0.1306, 'distribution_balance': 0.0933, 'coverage_representativeness': 0.0746, 'uniqueness': 0.056, 'timeliness': 0.0373}",e4a2203ebe9c5cd3b181438b71666127ec798dba5b9ba57aea49ed4e01b20e93
1,California Housing,C1_cal_housing,Tier C (Held-Out Generalization),supervised_regression,44,900,300,300,RMSE,lower_is_better,0.3638,0.5451,70.0,70.0,0.56,0.56,-0.1962,-0.0149,-0.0149,0.0149,0.0149,0.0,Calibration Improved,YELLOW,True,Successfully Evaluated,"{'outlier_anomaly': 0.291, 'completeness': 0.1679, 'validity': 0.1493, 'consistency': 0.1306, 'distribution_balance': 0.0933, 'coverage_representativeness': 0.0746, 'uniqueness': 0.056, 'timeliness': 0.0373}","{'outlier_anomaly': 0.2909, 'completeness': 0.168, 'validity': 0.1494, 'consistency': 0.1307, 'distribution_balance': 0.0933, 'coverage_representativeness': 0.0747, 'uniqueness': 0.0561, 'timeliness': 0.0371}",ccfe75c574489cf0a5abd555826dc0e4d4dce42903af73b05a70dd87ddec6b1e
1,California Housing,C1_cal_housing,Tier C (Held-Out Generalization),supervised_regression,45,900,300,300,RMSE,lower_is_better,0.431,0.4307,70.0,70.0,0.57,0.57,-0.139,-0.1393,-0.1393,0.1393,0.1393,0.0,Calibration Rejected,YELLOW,True,Successfully Evaluated,"{'outlier_anomaly': 0.291, 'completeness': 0.1679, 'validity': 0.1493, 'consistency': 0.1306, 'distribution_balance': 0.0933, 'coverage_representativeness': 0.0746, 'uniqueness': 0.056, 'timeliness': 0.0373}","{'outlier_anomaly': 0.291, 'completeness': 0.1679, 'validity': 0.1493, 'consistency': 0.1306, 'distribution_balance': 0.0933, 'coverage_representativeness': 0.0746, 'uniqueness': 0.056, 'timeliness': 0.0373}",76cfba0426f451fc6c9884f685ab99e062ba2e7bc4c889f993ee3ee23c393236
1,California Housing,C1_cal_housing,Tier C (Held-Out Generalization),supervised_regression,46,900,300,300,RMSE,lower_is_better,0.3621,0.4381,70.0,70.0,0.58,0.58,-0.2179,-0.1419,-0.1419,0.1419,0.1419,0.0,Calibration Improved,YELLOW,True,Successfully Evaluated,"{'outlier_anomaly': 0.291, 'completeness': 0.1679, 'validity': 0.1493, 'consistency': 0.1306, 'distribution_balance': 0.0933, 'coverage_representativeness': 0.0746, 'uniqueness': 0.056, 'timeliness': 0.0373}","{'outlier_anomaly': 0.2909, 'completeness': 0.168, 'validity': 0.1494, 'consistency': 0.1307, 'distribution_balance': 0.0933, 'coverage_representativeness': 0.0747, 'uniqueness': 0.0561, 'timeliness': 0.0371}",f28767efb5418b9d66e3dfeef5d18fae5c1ec53123d335d1c533dd7b9ffccde9
1,Diabetes Progression,C2_diabetes,Tier C (Held-Out Generalization),supervised_regression,42,265,88,89,RMSE,lower_is_better,58.5464,56.1769,96.37,90.4,19.24,26.01,39.3064,36.9369,30.1669,36.9369,30.1669,-6.77,Calibration Improved,GREEN,False,Successfully Evaluated,"{'outlier_anomaly': 0.238, 'completeness': 0.1785, 'validity': 0.1587, 'consistency': 0.1388, 'distribution_balance': 0.0992, 'coverage_representativeness': 0.0876, 'uniqueness': 0.0595, 'timeliness': 0.0397}","{'outlier_anomaly': 0.6366, 'completeness': 0.0212, 'validity': 0.0212, 'consistency': 0.0212, 'distribution_balance': 0.2361, 'coverage_representativeness': 0.0212, 'uniqueness': 0.0212, 'timeliness': 0.0212}",0c63e3372b7d8618cfe68b828e28082c0cfdba82f1eddae06fa7ad72398e459f
1,Diabetes Progression,C2_diabetes,Tier C (Held-Out Generalization),supervised_regression,43,265,88,89,RMSE,lower_is_better,54.7023,56.9457,96.37,90.4,19.78,26.74,34.9223,37.1657,30.2057,37.1657,30.2057,-6.96,Calibration Improved,GREEN,False,Successfully Evaluated,"{'outlier_anomaly': 0.238, 'completeness': 0.1785, 'validity': 0.1587, 'consistency': 0.1388, 'distribution_balance': 0.0992, 'coverage_representativeness': 0.0876, 'uniqueness': 0.0595, 'timeliness': 0.0397}","{'outlier_anomaly': 0.6343, 'completeness': 0.0211, 'validity': 0.0211, 'consistency': 0.0211, 'distribution_balance': 0.2389, 'coverage_representativeness': 0.0211, 'uniqueness': 0.0211, 'timeliness': 0.0211}",a6bd9ff8f4026cc1de6d35d336ce66b16cbabab077ca230836fa24a154203f65
1,Diabetes Progression,C2_diabetes,Tier C (Held-Out Generalization),supervised_regression,44,265,88,89,RMSE,lower_is_better,59.2165,55.2874,96.37,90.4,19.79,26.75,39.4265,35.4974,28.5374,35.4974,28.5374,-6.96,Calibration Improved,GREEN,False,Successfully Evaluated,"{'outlier_anomaly': 0.238, 'completeness': 0.1785, 'validity': 0.1587, 'consistency': 0.1388, 'distribution_balance': 0.0992, 'coverage_representativeness': 0.0876, 'uniqueness': 0.0595, 'timeliness': 0.0397}","{'outlier_anomaly': 0.6343, 'completeness': 0.0211, 'validity': 0.0211, 'consistency': 0.0211, 'distribution_balance': 0.2389, 'coverage_representativeness': 0.0211, 'uniqueness': 0.0211, 'timeliness': 0.0211}",cf3e2de2a6a94b5954cae706c13c66477740edae1c41f7a050c9da0df7db29da
1,Diabetes Progression,C2_diabetes,Tier C (Held-Out Generalization),supervised_regression,45,265,88,89,RMSE,lower_is_better,66.7134,61.7789,96.37,90.4,19.56,26.44,47.1534,42.2189,35.3389,42.2189,35.3389,-6.88,Calibration Improved,GREEN,False,Successfully Evaluated,"{'outlier_anomaly': 0.238, 'completeness': 0.1785, 'validity': 0.1587, 'consistency': 0.1388, 'distribution_balance': 0.0992, 'coverage_representativeness': 0.0876, 'uniqueness': 0.0595, 'timeliness': 0.0397}","{'outlier_anomaly': 0.6352, 'completeness': 0.0212, 'validity': 0.0212, 'consistency': 0.0212, 'distribution_balance': 0.2377, 'coverage_representativeness': 0.0212, 'uniqueness': 0.0212, 'timeliness': 0.0212}",ba12cdd374a4901863301228aae8d9b05ac93f43e75fad6ace7809447c35cd7a
1,Diabetes Progression,C2_diabetes,Tier C (Held-Out Generalization),supervised_regression,46,265,88,89,RMSE,lower_is_better,57.6865,52.8924,96.37,90.4,20.05,27.1,37.6365,32.8424,25.7924,32.8424,25.7924,-7.05,Calibration Improved,GREEN,False,Successfully Evaluated,"{'outlier_anomaly': 0.238, 'completeness': 0.1785, 'validity': 0.1587, 'consistency': 0.1388, 'distribution_balance': 0.0992, 'coverage_representativeness': 0.0876, 'uniqueness': 0.0595, 'timeliness': 0.0397}","{'outlier_anomaly': 0.6331, 'completeness': 0.0211, 'validity': 0.0211, 'consistency': 0.0211, 'distribution_balance': 0.2402, 'coverage_representativeness': 0.0211, 'uniqueness': 0.0211, 'timeliness': 0.0211}",06e48c2479d29c6fc11906476fe8e7f587fed1b59436fc8f02247f667deec917
1,Breast Cancer Diagnostic,C3_breast_cancer,Tier C (Held-Out Generalization),supervised_classification,42,341,114,114,Macro F1,higher_is_better,0.9435,0.9364,70.0,70.0,0.62,0.62,0.3235,0.3164,0.3164,0.3164,0.3164,0.0,Calibration Improved,YELLOW,True,Successfully Evaluated,"{'distribution_balance': 0.2074, 'validity': 0.1697, 'completeness': 0.132, 'outlier_anomaly': 0.147, 'consistency': 0.1131, 'coverage_representativeness': 0.1178, 'uniqueness': 0.0754, 'timeliness': 0.0377}","{'distribution_balance': 0.1866, 'validity': 0.1744, 'completeness': 0.1622, 'outlier_anomaly': 0.0372, 'consistency': 0.0065, 'coverage_representativeness': 0.1576, 'uniqueness': 0.1439, 'timeliness': 0.1317}",6f33e1b5d88a90ad4a2e5a40fd214d975369491312916e1a311c40d704c02c61
1,Breast Cancer Diagnostic,C3_breast_cancer,Tier C (Held-Out Generalization),supervised_classification,43,341,114,114,Macro F1,higher_is_better,0.9521,0.9368,70.0,70.0,0.62,0.62,0.3321,0.3168,0.3168,0.3168,0.3168,0.0,Calibration Improved,YELLOW,True,Successfully Evaluated,"{'distribution_balance': 0.2074, 'validity': 0.1697, 'completeness': 0.132, 'outlier_anomaly': 0.147, 'consistency': 0.1131, 'coverage_representativeness': 0.1178, 'uniqueness': 0.0754, 'timeliness': 0.0377}","{'distribution_balance': 0.1866, 'validity': 0.1744, 'completeness': 0.1622, 'outlier_anomaly': 0.0372, 'consistency': 0.0065, 'coverage_representativeness': 0.1576, 'uniqueness': 0.1439, 'timeliness': 0.1317}",84949d148943b509d2afe0f157f56a2f904e3be2b0b166492663e21fc40f4c73
1,Breast Cancer Diagnostic,C3_breast_cancer,Tier C (Held-Out Generalization),supervised_classification,44,341,114,114,Macro F1,higher_is_better,0.9619,0.936,70.0,70.0,0.62,0.62,0.3419,0.316,0.316,0.316,0.316,0.0,Calibration Improved,YELLOW,True,Successfully Evaluated,"{'distribution_balance': 0.2074, 'validity': 0.1697, 'completeness': 0.132, 'outlier_anomaly': 0.147, 'consistency': 0.1131, 'coverage_representativeness': 0.1178, 'uniqueness': 0.0754, 'timeliness': 0.0377}","{'distribution_balance': 0.1866, 'validity': 0.1744, 'completeness': 0.1622, 'outlier_anomaly': 0.0372, 'consistency': 0.0065, 'coverage_representativeness': 0.1576, 'uniqueness': 0.1439, 'timeliness': 0.1317}",64ee3b27f7f15f45323e4240e90c5917d0ceaa312d3bee3987fad2f7010fdac9
1,Breast Cancer Diagnostic,C3_breast_cancer,Tier C (Held-Out Generalization),supervised_classification,45,341,114,114,Macro F1,higher_is_better,0.9322,0.9619,70.0,70.0,0.62,0.62,0.3122,0.3419,0.3419,0.3419,0.3419,0.0,Calibration Improved,YELLOW,True,Successfully Evaluated,"{'distribution_balance': 0.2074, 'validity': 0.1697, 'completeness': 0.132, 'outlier_anomaly': 0.147, 'consistency': 0.1131, 'coverage_representativeness': 0.1178, 'uniqueness': 0.0754, 'timeliness': 0.0377}","{'distribution_balance': 0.1866, 'validity': 0.1744, 'completeness': 0.1622, 'outlier_anomaly': 0.0372, 'consistency': 0.0065, 'coverage_representativeness': 0.1576, 'uniqueness': 0.1439, 'timeliness': 0.1317}",30c235f056239042ae61012729c1e0ac02544915187b829be75a7e6457b9265b
1,Breast Cancer Diagnostic,C3_breast_cancer,Tier C (Held-Out Generalization),supervised_classification,46,341,114,114,Macro F1,higher_is_better,0.9246,0.9449,70.0,70.0,0.62,0.62,0.3046,0.3249,0.3249,0.3249,0.3249,0.0,Calibration Improved,YELLOW,True,Successfully Evaluated,"{'distribution_balance': 0.2074, 'validity': 0.1697, 'completeness': 0.132, 'outlier_anomaly': 0.147, 'consistency': 0.1131, 'coverage_representativeness': 0.1178, 'uniqueness': 0.0754, 'timeliness': 0.0377}","{'distribution_balance': 0.2022, 'validity': 0.1791, 'completeness': 0.156, 'outlier_anomaly': 0.0834, 'consistency': 0.0122, 'coverage_representativeness': 0.1473, 'uniqueness': 0.1214, 'timeliness': 0.0983}",b2806fdaa00edf46f717d847ed11e3704d1012a252447d8252994f7f229d04a0
1,Retail Store Sales,C4_retail_sales,Tier C (Held-Out Generalization),supervised_regression,42,210,70,70,RMSE,lower_is_better,314.9362,246.5121,93.26,44.4,74.55,256.01,240.3862,171.9621,-9.4979,171.9621,9.4979,-162.4642,Calibration Improved,GREEN,False,Successfully Evaluated,"{'outlier_anomaly': 0.24, 'completeness': 0.18, 'validity': 0.16, 'consistency': 0.14, 'distribution_balance': 0.1, 'coverage_representativeness': 0.08, 'uniqueness': 0.06, 'timeliness': 0.04}","{'outlier_anomaly': 0.2657, 'completeness': 0.0204, 'validity': 0.0204, 'consistency': 0.0204, 'distribution_balance': 0.0204, 'coverage_representativeness': 0.0204, 'uniqueness': 0.0204, 'timeliness': 0.6119}",afeef06fbd61ff919ed68661fc06ffa128985fbe994868b5fbc003009ba0686e
1,Retail Store Sales,C4_retail_sales,Tier C (Held-Out Generalization),supervised_regression,43,210,70,70,RMSE,lower_is_better,261.9085,301.5555,93.26,44.4,73.65,252.9,188.2585,227.9055,48.6555,227.9055,48.6555,-179.25,Calibration Improved,GREEN,False,Successfully Evaluated,"{'outlier_anomaly': 0.24, 'completeness': 0.18, 'validity': 0.16, 'consistency': 0.14, 'distribution_balance': 0.1, 'coverage_representativeness': 0.08, 'uniqueness': 0.06, 'timeliness': 0.04}","{'outlier_anomaly': 0.2656, 'completeness': 0.0204, 'validity': 0.0204, 'consistency': 0.0204, 'distribution_balance': 0.0204, 'coverage_representativeness': 0.0204, 'uniqueness': 0.0204, 'timeliness': 0.612}",7d9c83dec49735d21e4e7765248f74693aa2f93bc6a2fc86c7685eba6310369f
1,Retail Store Sales,C4_retail_sales,Tier C (Held-Out Generalization),supervised_regression,44,210,70,70,RMSE,lower_is_better,284.7406,278.743,93.26,44.3,72.1,247.97,212.6406,206.643,30.773,206.643,30.773,-175.87,Calibration Improved,GREEN,False,Successfully Evaluated,"{'outlier_anomaly': 0.24, 'completeness': 0.18, 'validity': 0.16, 'consistency': 0.14, 'distribution_balance': 0.1, 'coverage_representativeness': 0.08, 'uniqueness': 0.06, 'timeliness': 0.04}","{'outlier_anomaly': 0.2652, 'completeness': 0.0204, 'validity': 0.0204, 'consistency': 0.0204, 'distribution_balance': 0.0204, 'coverage_representativeness': 0.0204, 'uniqueness': 0.0204, 'timeliness': 0.6123}",e8dae363307123fbf1d79f974b4b3af1b75cff4b3e137c8030796afcc9fe24b2
1,Retail Store Sales,C4_retail_sales,Tier C (Held-Out Generalization),supervised_regression,45,210,70,70,RMSE,lower_is_better,288.5127,270.8608,93.26,44.4,74.17,254.71,214.3427,196.6908,16.1508,196.6908,16.1508,-180.54,Calibration Improved,GREEN,False,Successfully Evaluated,"{'outlier_anomaly': 0.24, 'completeness': 0.18, 'validity': 0.16, 'consistency': 0.14, 'distribution_balance': 0.1, 'coverage_representativeness': 0.08, 'uniqueness': 0.06, 'timeliness': 0.04}","{'outlier_anomaly': 0.2657, 'completeness': 0.0204, 'validity': 0.0204, 'consistency': 0.0204, 'distribution_balance': 0.0204, 'coverage_representativeness': 0.0204, 'uniqueness': 0.0204, 'timeliness': 0.6119}",c75416eadd57514de75d9cd6cd1e97418012a605ffb76cc990f7fa28e52bc79e
1,Retail Store Sales,C4_retail_sales,Tier C (Held-Out Generalization),supervised_regression,46,210,70,70,RMSE,lower_is_better,274.3097,287.9759,93.26,44.4,73.02,250.75,201.2897,214.9559,37.2259,214.9559,37.2259,-177.73,Calibration Improved,GREEN,False,Successfully Evaluated,"{'outlier_anomaly': 0.24, 'completeness': 0.18, 'validity': 0.16, 'consistency': 0.14, 'distribution_balance': 0.1, 'coverage_representativeness': 0.08, 'uniqueness': 0.06, 'timeliness': 0.04}","{'outlier_anomaly': 0.2654, 'completeness': 0.0204, 'validity': 0.0204, 'consistency': 0.0204, 'distribution_balance': 0.0204, 'coverage_representativeness': 0.0204, 'uniqueness': 0.0204, 'timeliness': 0.6121}",acd32a084c661a441b36c931d0868609ec63b019d2ea6ff39ac79b31d37ff2c1
